DELETE FROM dbo.Color;
DELETE FROM dbo.Glass;
DELETE FROM dbo.Glass_type;
DELETE FROM dbo.Item;
DELETE FROM dbo.Machines;
DELETE FROM dbo.Machines_History;
DELETE FROM dbo.Machines_History_All
DELETE FROM dbo.Machines_Type;
DELETE FROM dbo.Magazine_History
DELETE FROM dbo."Order";
DELETE FROM dbo.Order_History;
DELETE FROM dbo."User";
DELETE FROM dbo.User_History;
INSERT INTO dbo.Color values('red');
INSERT INTO dbo.Color values('blue');
INSERT INTO dbo.Color values('white');
INSERT INTO dbo.Color values('green');
INSERT INTO dbo.Color values('yellow');
INSERT INTO dbo.Color values('pink');
INSERT INTO dbo.Color values('brown');
INSERT INTO dbo.Color values('nocolor');
SELECT * FROM dbo.Color;
INSERT INTO dbo.Glass_type values('bonded');
INSERT INTO dbo.Glass_type values('tempered');
INSERT INTO dbo.Glass_type values('normal');
INSERT INTO dbo.Glass values(10,2,10,0,0,0,'bonded','red','CGC','123/a',1);
INSERT INTO dbo.Glass values(10,2,10,0,0,0,'bonded','red','CGC','124/a',4);
INSERT INTO dbo.Glass values(15,1,10,0,0,0,'bonded','blue','CGC','123/b',2);
INSERT INTO dbo.Glass values(20,4,24,0,0,0,'tempered','green','Client1','123/c',3);
INSERT INTO dbo.Glass values(2,4,6,0,0,0,'normal','blue','CGC','1234/a',5);
INSERT INTO dbo.Glass values(10,3,7,0,0,0,'bonded','green','CGC','1234/b',6);
INSERT INTO dbo.Glass values(4,7,9,0,0,0,'normal','blue','Client2','1234/c',7);
INSERT INTO dbo.Glass values(7,2,3,0,0,1,'tempered','green','Client2','1235/c',8);
INSERT INTO dbo.Glass values(12,8,12,0,0,0,'normal','blue','Client4','3123/c',9);
INSERT INTO dbo.Glass values(26,9,6,0,0,1,'bonded','red','Client3','23/a',10);
INSERT INTO dbo.Glass values(29,4,4,1,0,0,'normal','green','Client1','13/d',11);
INSERT INTO dbo.Glass values(300,10,4,1,0,0,'tempered','red','Client3','123/k',12);
SELECT * FROM dbo.Glass;
INSERT INTO dbo.Item values(1,10,2,10,'bonded','red','awaiting ','rectangle','','',1);
INSERT INTO dbo.Item values(2,3,1,5,'bonded','blue','ready','rectangle','','124/d',1);
INSERT INTO dbo.Item values(3,20,4,24,'bonded','white','awaiting ','rectangle','','',2);
INSERT INTO dbo.Item values(4,2,1,4,'tempered','brown','awaiting ','rectangle','','',3);
INSERT INTO dbo.Item values(5,25,6,24,'tempered','brown','awaiting ','rectangle','','',3);
INSERT INTO dbo.Item values(6,10,3,10,'normal','green','awaiting ','rectangle','','',3);
INSERT INTO dbo.Item values(7,30,10,30,'tempered','white','awaiting ','rectangle','','',4);
INSERT INTO dbo.Item values(8,20,4,24,'normal','nocolor','ready ','rectangle','','',5);
INSERT INTO dbo.Item values(9,20,4,24,'normal','nocolor','ready ','rectangle','','',5);
INSERT INTO dbo.Item values(10,20,4,24,'normal','nocolor','ready ','rectangle','','',5);
INSERT INTO dbo.Item values(11,10,2,2,'bonded','green','awaiting ','rectangle','','',5);
INSERT INTO dbo.Item values(12,10,2,2,'bonded','green','awaiting ','rectangle','','',5);
SELECT * FROM dbo.Item;
INSERT INTO dbo."Order" values(1,'Client1','stopped',3,'12/01/2021','0/1/0',0,0,0);
INSERT INTO dbo."Order" values(2,'Client2','awaiting',2,'12/11/2020','1/1/0',0,0,0);
INSERT INTO dbo."Order" values(3,'Client3','awaiting',1,'24/12/2020','0/3/0',0,0,0);
INSERT INTO dbo."Order" values(4,'Client3','awaiting',1,'01/08/2020','0/1/0',0,0,0);
INSERT INTO dbo."Order" values(5,'Client4','awaiting',5,'12/05/2021','0/2/0',0,0,0);
SELECT * FROM dbo."Order";
INSERT INTO dbo.Machines_Type values('laser');
INSERT INTO dbo.Machines_Type values('shears');
SELECT * FROM dbo.Machines_Type;
INSERT INTO dbo.Machines values(1,'Ready','laser',0);
INSERT INTO dbo.Machines values(2,'Ready','laser',0);
INSERT INTO dbo.Machines values(3,'Broken','shears',0);
INSERT INTO dbo.Machines values(4,'Ready','shears',1);
INSERT INTO dbo.Machines values(5,'Ready','laser',0);
INSERT INTO dbo.Machines values(6,'Broken','laser',0);
INSERT INTO dbo.Machines values(7,'Ready','shears',1);
INSERT INTO dbo.Machines values(8,'Broken','shears',1);
SELECT * FROM dbo.Machines;
Insert into dbo."User" values('Lemes123','lemES98naw141','michal.nawrot98@gmail.com','Michal','Nawrot',0,1,0,0,0,0,0,'',0);
Insert into dbo."User" values('Dominika123','Domi1234','domaug@st.amu.edu.pl','Dominika','Augustyniak', 0,0,1,0,0,0,0,'',0);
Insert into dbo."User" values('Kamil1234','Kamil1230','kammel@st.amu.edu.pl','Kamil','Meloch', 1,0,0,0,1,1,0,'',0);
Insert into dbo."User" values( 'Ada9876','Ada1234A','adaand@st.amu.edu.pl','Ada','Andrzejczak', 0,0,0,0,0,1,1,'',0);
Insert into dbo."User" values('Wiktor123','Wiktor1234','micnaw5@st.amu.edu.pl','Wiktor','Pawlak', 0,0,0,1,1,0,0,'',0);
Insert into dbo."User" values( 'Maciej','Testowe1234','Maciej@st.amu.edu.pl','Maciej','Nawrot', 0,0,0,0,0,1,0,'',0);
Insert into dbo."User" values('Michalina123','Testowe1234','Michalina@st.amu.edu.pl','Michalina','Kowalska', 0,0,0,0,1,0,0,'',0);
Insert into dbo."User" values( 'Adam123','Testowe1234','Adam@st.amu.edu.pl','Adam','Kozaczyk', 0,0,0,0,0,1,1,'',0);
Insert into dbo."User" values('Marta123','Testowe1234','Marta@st.amu.edu.pl','Marta','Szczecinska', 0,0,0,1,1,1,1,'',0);
Insert into dbo."User" values( 'Wojtek9876','Testowe1234','Wojtek@st.amu.edu.pl','Wojtek','Kubiak', 0,0,0,0,1,1,1,'',0);
Insert into dbo."User" values('Adam1234','Testowe1234','Adam123@st.amu.edu.pl','Adam','Bodnar', 0,0,0,1,0,0,0,'',0);
Insert into dbo."User" values( 'Andrzej123','Testowe1234','Andrzej@st.amu.edu.pl','Andrzej','Andrzejczak', 0,0,0,0,1,1,1,'',0);
Insert into dbo."User" values('Kordian123','Testowe1234','Kordian@st.amu.edu.pl','Kordian','Krukowski', 0,0,0,1,1,1,0,'',0);
Insert into dbo."User" values( 'Kamila123','Testowe1234','Kamila@st.amu.edu.pl','Kamila','Oparczyk', 0,0,0,1,1,1,1,'',0);
Insert into dbo."User" values('Aleksandra123','Testowe1234','Aleksandra@st.amu.edu.pl','Aleksandra','Pislewska', 0,0,0,0,0,0,1,'',0);
Insert into dbo."User" values( 'Adrian123','Testowe1234','Adrian@st.amu.edu.pl','Adrian','Trzask', 0,0,0,0,0,1,1,'',0);
Insert into dbo."User" values('Dominik123','Testowe1234','Dominik@st.amu.edu.pl','Dominik','Graush', 0,0,0,1,1,0,0,'',0);
Insert into dbo."User" values( 'Gerwazy123','Testowe1234','Gerwazy@st.amu.edu.pl','Gerwazy','Waza', 0,0,0,0,0,1,1,'',0);
Insert into dbo."User" values('Magda','Testowe1234','Magda@st.amu.edu.pl','Magda','Smura', 0,0,0,1,1,0,0,'',1);
Insert into dbo."User" values( 'Juljia123','Testowe1234','Juljia@st.amu.edu.pl','Juljia','Kubiak', 0,0,0,0,0,1,1,'',1);
Insert into dbo."User" values('Aleksander','Testowe1234','Aleksander@st.amu.edu.pl','Aleksander','Walentynowicz', 0,0,0,1,1,0,0,'',1);
SELECT * FROM dbo."User";